Event ID,Event time,User name,Event name,Resource type,Resources,AWS access key,AWS region,Error code,Source IP address
f26d67e5-d215-448f-b04d-9b7a723fd9e6,"2020-05-22, 04:50:59 PM",Zane,PutMetricAlarm,CloudWatch Alarm,"[{""resourceType"":""AWS::CloudWatch::Alarm"",""resourceName"":""AWS Billing Alarm""}]",,us-east-1,,108.18.124.146
38de64bb-fead-4f37-b7d0-fbe49f64217e,"2020-05-22, 04:50:17 PM",Zane,PutMetricAlarm,CloudWatch Alarm,"[{""resourceType"":""AWS::CloudWatch::Alarm"",""resourceName"":""AWS Billing Alarm""}]",,us-east-1,,108.18.124.146
91901891-82fe-46c5-b762-0cde41f82918,"2020-05-22, 04:40:03 PM",Zane,PutMetricAlarm,CloudWatch Alarm,"[{""resourceType"":""AWS::CloudWatch::Alarm"",""resourceName"":""AWS Billing Alarm""}]",,us-east-1,,108.18.124.146
0039bad7-d1ae-48ee-b390-160edf877b54,"2020-05-22, 04:37:22 PM",Zane,ConsoleLogin,,,,us-east-1,,108.18.124.146
8c14df4a-f62f-45f0-a854-eb2be7fac8e9,"2020-05-22, 04:36:54 PM",CloudTrail,ConsoleLogin,,,,us-east-1,,108.18.124.146
95d76748-2b51-4272-8f61-97ece3738e1c,"2020-05-22, 04:35:01 PM",Accountant,ChangePassword,,,,us-east-1,,AWS Internal
816f3718-5177-49da-abde-a0be9ad1f1f4,"2020-05-22, 04:34:39 PM",Accountant,ConsoleLogin,,,,us-east-1,,108.18.124.146
8052682a-727a-4d0f-a488-f187caa4f9d6,"2020-05-22, 04:28:08 PM",CloudTrail,StopLogging,CloudTrail Trail,"[{""resourceType"":""AWS::CloudTrail::Trail"",""resourceName"":""arn:aws:cloudtrail:us-east-1:213799954757:trail/Udacity_Trail""}]",,us-east-1,,108.18.124.146
11c4f384-e0df-49b1-a388-c0164c26d57a,"2020-05-22, 04:18:38 PM",CloudTrail,CreateTrail,CloudTrail Trail and 1 more,"[{""resourceType"":""AWS::CloudTrail::Trail"",""resourceName"":""Udacity_Trail""},{""resourceType"":""AWS::CloudTrail::Trail"",""resourceName"":""arn:aws:cloudtrail:us-east-1:213799954757:trail/Udacity_Trail""},{""resourceType"":""AWS::S3::Bucket"",""resourceName"":""udacityexercisetwologs""}]",,us-east-1,,108.18.124.146
cf766341-23b9-48fe-a054-3a6dc37d01dc,"2020-05-22, 04:18:38 PM",CloudTrail,StartLogging,CloudTrail Trail,"[{""resourceType"":""AWS::CloudTrail::Trail"",""resourceName"":""Udacity_Trail""}]",,us-east-1,,108.18.124.146
d4a50c55-ac3e-4cb4-95fd-a34c5f872714,"2020-05-22, 04:18:38 PM",CloudTrail,PutEventSelectors,CloudTrail Trail,"[{""resourceType"":""AWS::CloudTrail::Trail"",""resourceName"":""Udacity_Trail""},{""resourceType"":""AWS::CloudTrail::Trail"",""resourceName"":""arn:aws:cloudtrail:us-east-1:213799954757:trail/Udacity_Trail""}]",,us-east-1,,108.18.124.146
1da9a819-fada-49b0-9561-c4fb0e8966ca,"2020-05-22, 04:18:37 PM",CloudTrail,PutBucketPolicy,S3 Bucket,"[{""resourceType"":""AWS::S3::Bucket"",""resourceName"":""udacityexercisetwologs""}]",,us-east-1,,108.18.124.146
d3951baf-16c8-4878-a098-57e2fc417e03,"2020-05-22, 04:18:37 PM",CloudTrail,CreateBucket,S3 Bucket,"[{""resourceType"":""AWS::S3::Bucket"",""resourceName"":""udacityexercisetwologs""}]",,us-east-1,,108.18.124.146
7e892390-f5d5-452e-bde1-0dfd6fac9acd,"2020-05-22, 04:15:09 PM",CloudTrail,ChangePassword,,,,us-east-1,,AWS Internal
024fa02b-5999-4c70-9e7c-8e00d60ffbcf,"2020-05-22, 04:14:39 PM",CloudTrail,ConsoleLogin,,,,us-east-1,,108.18.124.146
1cf43af5-0503-42a2-8c94-7ee375877b76,"2020-05-22, 04:12:03 PM",Zane,AttachUserPolicy,IAM User and 1 more,"[{""resourceType"":""AWS::IAM::User"",""resourceName"":""Accountant""},{""resourceType"":""AWS::IAM::Policy"",""resourceName"":""arn:aws:iam::aws:policy/IAMUserChangePassword""}]",,us-east-1,,108.18.124.146
912087cf-f4c1-45da-9cb4-178b9456884d,"2020-05-22, 04:12:03 PM",Zane,CreateUser,IAM User,"[{""resourceType"":""AWS::IAM::User"",""resourceName"":""AIDATDR3YNFCTG24ICYML""},{""resourceType"":""AWS::IAM::User"",""resourceName"":""arn:aws:iam::213799954757:user/Accountant""},{""resourceType"":""AWS::IAM::User"",""resourceName"":""Accountant""}]",,us-east-1,,108.18.124.146
e8e87cb4-40ce-4884-a5f1-9ba5776531f9,"2020-05-22, 04:12:03 PM",Zane,CreateLoginProfile,IAM User,"[{""resourceType"":""AWS::IAM::User"",""resourceName"":""Accountant""}]",,us-east-1,,108.18.124.146
ece7c9f1-b4e2-4dd7-a072-363b6eb1675a,"2020-05-22, 04:12:03 PM",Zane,AddUserToGroup,IAM User and 1 more,"[{""resourceType"":""AWS::IAM::User"",""resourceName"":""Accountant""},{""resourceType"":""AWS::IAM::Group"",""resourceName"":""Reviewers""}]",,us-east-1,,108.18.124.146
0aa39c8e-7929-44b4-84ca-2f803196aa94,"2020-05-22, 04:10:04 PM",Zane,CreateLoginProfile,IAM User,"[{""resourceType"":""AWS::IAM::User"",""resourceName"":""CloudTrail""}]",,us-east-1,,108.18.124.146
3526ffa2-2c84-435d-80b9-b8b8c805e7b9,"2020-05-22, 04:10:04 PM",Zane,AttachUserPolicy,IAM User and 1 more,"[{""resourceType"":""AWS::IAM::User"",""resourceName"":""CloudTrail""},{""resourceType"":""AWS::IAM::Policy"",""resourceName"":""arn:aws:iam::aws:policy/IAMUserChangePassword""}]",,us-east-1,,108.18.124.146
c26be58c-d614-40d5-a906-d2dedb635598,"2020-05-22, 04:10:04 PM",Zane,AddUserToGroup,IAM User and 1 more,"[{""resourceType"":""AWS::IAM::User"",""resourceName"":""CloudTrail""},{""resourceType"":""AWS::IAM::Group"",""resourceName"":""CloudTrailAdmins""}]",,us-east-1,,108.18.124.146
2c4d49d6-81eb-4f4d-bfc1-9e79159dad6e,"2020-05-22, 04:10:03 PM",Zane,CreateUser,IAM User,"[{""resourceType"":""AWS::IAM::User"",""resourceName"":""CloudTrail""},{""resourceType"":""AWS::IAM::User"",""resourceName"":""AIDATDR3YNFCSPG6GJZO4""},{""resourceType"":""AWS::IAM::User"",""resourceName"":""arn:aws:iam::213799954757:user/CloudTrail""}]",,us-east-1,,108.18.124.146
c008fda6-7547-4a10-8e59-f6f45bcb429c,"2020-05-22, 04:07:10 PM",Zane,AttachGroupPolicy,IAM Policy and 1 more,"[{""resourceType"":""AWS::IAM::Policy"",""resourceName"":""arn:aws:iam::aws:policy/job-function/Billing""},{""resourceType"":""AWS::IAM::Group"",""resourceName"":""Reviewers""}]",,us-east-1,,108.18.124.146
c3776da4-0e23-4766-b7c4-97c84d7acfc7,"2020-05-22, 04:07:10 PM",Zane,CreateGroup,IAM Group,"[{""resourceType"":""AWS::IAM::Group"",""resourceName"":""Reviewers""},{""resourceType"":""AWS::IAM::Group"",""resourceName"":""AGPATDR3YNFC7WCRALJMV""},{""resourceType"":""AWS::IAM::Group"",""resourceName"":""arn:aws:iam::213799954757:group/Reviewers""}]",,us-east-1,,108.18.124.146
6ab4194c-cec1-455d-8407-a60fd840378c,"2020-05-22, 04:06:04 PM",Zane,AttachGroupPolicy,IAM Policy and 1 more,"[{""resourceType"":""AWS::IAM::Policy"",""resourceName"":""arn:aws:iam::aws:policy/AWSCloudTrailReadOnlyAccess""},{""resourceType"":""AWS::IAM::Group"",""resourceName"":""CloudTrailAdmins""}]",,us-east-1,,108.18.124.146
9fe3d218-c483-4986-a84c-f549a014205f,"2020-05-22, 04:06:04 PM",Zane,CreateGroup,IAM Group,"[{""resourceType"":""AWS::IAM::Group"",""resourceName"":""CloudTrailAdmins""},{""resourceType"":""AWS::IAM::Group"",""resourceName"":""arn:aws:iam::213799954757:group/CloudTrailAdmins""},{""resourceType"":""AWS::IAM::Group"",""resourceName"":""AGPATDR3YNFC5T5P4TRJD""}]",,us-east-1,,108.18.124.146
c727b357-17ab-4e19-8aca-f7c51c254911,"2020-05-22, 04:06:04 PM",Zane,AttachGroupPolicy,IAM Policy and 1 more,"[{""resourceType"":""AWS::IAM::Policy"",""resourceName"":""arn:aws:iam::aws:policy/AWSCloudTrailFullAccess""},{""resourceType"":""AWS::IAM::Group"",""resourceName"":""CloudTrailAdmins""}]",,us-east-1,,108.18.124.146
61bff5c6-ab1e-480a-b079-04f832a4b904,"2020-05-22, 03:35:40 PM",Zane,UpdateAccountPasswordPolicy,,,,us-east-1,,108.18.124.146